metric,value
HR@5,0.03125
HR@10,0.03125
Precision@5,0.006250000000000001
MRR,0.02734375
